t,power
0.0,194
1.0,186
2.0,184
3.0,182
4.0,0
5.0,0
6.0,0
7.0,182
8.0,188
9.0,176
10.0,196
11.0,178
12.0,178
13.0,179
14.0,187
15.0,184
16.0,184
17.0,182
18.0,178
19.0,179
20.0,190
21.0,190
22.0,177
23.0,174
24.0,183
25.0,183
26.0,190
27.0,177
28.0,177
29.0,179
30.0,180
31.0,179
32.0,177
33.0,181
34.0,181
35.0,189
36.0,184
37.0,187
38.0,187
39.0,189
40.0,173
41.0,187
42.0,187
43.0,191
44.0,182
45.0,179
46.0,179
47.0,179
48.0,178
49.0,189
50.0,184
51.0,184
52.0,184
53.0,189
54.0,202
55.0,202
56.0,189
57.0,172
58.0,163
59.0,163
60.0,179
61.0,179
62.0,182
63.0,178
64.0,178
65.0,171
66.0,192
67.0,188
68.0,188
69.0,179
70.0,181
71.0,174
72.0,174
73.0,188
74.0,182
75.0,186
76.0,186
77.0,186
78.0,189
79.0,188
80.0,184
81.0,184
82.0,194
83.0,193
84.0,195
85.0,195
86.0,180
87.0,182
88.0,178
89.0,180
90.0,180
91.0,180
92.0,182
93.0,183
94.0,183
95.0,188
96.0,186
97.0,186
98.0,186
99.0,192
100.0,188
101.0,191
102.0,191
103.0,186
104.0,186
105.0,175
106.0,191
107.0,191
108.0,187
109.0,185
110.0,190
111.0,190
112.0,191
113.0,195
114.0,189
115.0,189
116.0,181
117.0,182
118.0,175
119.0,175
120.0,175
121.0,195
122.0,194
123.0,174
124.0,174
125.0,186
126.0,177
127.0,194
128.0,194
129.0,189
130.0,185
131.0,182
132.0,184
133.0,184
134.0,182
135.0,190
136.0,194
137.0,194
138.0,183
139.0,183
140.0,177
141.0,177
142.0,188
143.0,188
144.0,193
145.0,193
146.0,193
147.0,189
148.0,185
149.0,183
150.0,183
151.0,177
152.0,185
153.0,182
154.0,182
155.0,188
156.0,189
157.0,185
158.0,185
159.0,170
160.0,177
161.0,178
162.0,178
163.0,178
164.0,189
165.0,184
166.0,171
167.0,171
168.0,226
169.0,150
170.0,186
171.0,186
172.0,192
173.0,182
174.0,177
175.0,219
176.0,203
177.0,184
178.0,181
179.0,141
180.0,141
181.0,172
182.0,112
183.0,271
184.0,271
185.0,258
186.0,194
187.0,191
188.0,191
189.0,185
190.0,178
191.0,187
192.0,170
193.0,170
194.0,183
195.0,181
196.0,194
197.0,194
198.0,186
199.0,175
200.0,175
201.0,175
202.0,184
203.0,187
204.0,185
205.0,184
206.0,184
207.0,182
208.0,173
209.0,173
210.0,0
211.0,0
212.0,0
213.0,181
214.0,188
215.0,182
216.0,183
217.0,183
218.0,183
219.0,184
220.0,185
221.0,179
222.0,179
223.0,177
224.0,179
225.0,180
226.0,180
227.0,185
228.0,191
229.0,183
230.0,183
231.0,187
232.0,183
233.0,190
234.0,187
235.0,187
236.0,188
237.0,182
238.0,191
239.0,191
240.0,186
241.0,186
242.0,189
243.0,189
244.0,184
245.0,182
246.0,180
247.0,186
248.0,176
249.0,170
250.0,170
251.0,161
252.0,161
253.0,184
254.0,188
255.0,189
256.0,189
257.0,176
258.0,177
259.0,185
260.0,184
261.0,194
262.0,198
263.0,191
264.0,183
265.0,183
266.0,179
267.0,169
268.0,190
269.0,190
270.0,188
271.0,186
272.0,186
273.0,184
274.0,186
275.0,191
276.0,184
277.0,179
278.0,179
279.0,176
280.0,189
281.0,185
282.0,185
283.0,190
284.0,196
285.0,179
286.0,179
287.0,179
288.0,181
289.0,181
290.0,175
291.0,175
292.0,185
293.0,191
294.0,188
295.0,188
296.0,180
297.0,223
298.0,264
299.0,264
300.0,278
301.0,257
302.0,605
303.0,605
304.0,605
305.0,586
306.0,693
307.0,697
308.0,697
309.0,646
310.0,609
311.0,619
312.0,619
313.0,319
314.0,90
315.0,132
316.0,132
317.0,172
318.0,188
319.0,182
320.0,182
321.0,182
322.0,175
323.0,184
324.0,202
325.0,202
326.0,219
327.0,222
328.0,202
329.0,202
330.0,208
331.0,214
332.0,198
333.0,198
334.0,203
335.0,206
336.0,201
337.0,211
338.0,211
339.0,209
340.0,200
341.0,206
342.0,206
343.0,215
344.0,208
345.0,200
346.0,205
347.0,211
348.0,211
349.0,204
350.0,205
351.0,205
352.0,206
353.0,203
354.0,207
355.0,207
356.0,202
357.0,202
358.0,198
359.0,199
360.0,200
361.0,208
362.0,206
363.0,206
364.0,206
365.0,211
366.0,201
367.0,201
368.0,201
369.0,214
370.0,196
371.0,206
372.0,206
373.0,206
374.0,209
375.0,204
376.0,202
377.0,202
378.0,212
379.0,217
380.0,202
381.0,202
382.0,209
383.0,206
384.0,206
385.0,206
386.0,206
387.0,204
388.0,201
389.0,201
390.0,201
391.0,205
392.0,207
393.0,199
394.0,199
395.0,212
396.0,211
397.0,203
398.0,203
399.0,201
400.0,202
401.0,199
402.0,199
403.0,209
404.0,216
405.0,204
406.0,204
407.0,204
408.0,200
409.0,198
410.0,208
411.0,208
412.0,208
413.0,204
414.0,204
415.0,195
416.0,216
417.0,216
418.0,217
419.0,217
420.0,198
421.0,186
422.0,192
423.0,192
424.0,212
425.0,210
426.0,198
427.0,198
428.0,198
429.0,210
430.0,210
431.0,193
432.0,193
433.0,200
434.0,218
435.0,182
436.0,182
437.0,192
438.0,194
439.0,201
440.0,201
441.0,210
442.0,206
443.0,220
444.0,220
445.0,220
446.0,199
447.0,199
448.0,223
449.0,223
450.0,220
451.0,187
452.0,215
453.0,215
454.0,205
455.0,191
456.0,220
457.0,220
458.0,209
459.0,200
460.0,198
461.0,198
462.0,198
463.0,207
464.0,208
465.0,204
466.0,204
467.0,207
468.0,205
469.0,206
470.0,218
471.0,209
472.0,213
473.0,212
474.0,198
475.0,194
476.0,198
477.0,197
478.0,209
479.0,209
480.0,201
481.0,208
482.0,198
483.0,198
484.0,202
485.0,195
486.0,195
487.0,206
488.0,206
489.0,212
490.0,215
491.0,203
492.0,203
493.0,212
494.0,203
495.0,204
496.0,204
497.0,201
498.0,204
499.0,205
500.0,220
501.0,215
502.0,201
503.0,206
504.0,202
505.0,202
506.0,218
507.0,216
508.0,198
509.0,198
510.0,219
511.0,200
512.0,184
513.0,184
514.0,184
515.0,183
516.0,198
517.0,210
518.0,210
519.0,212
520.0,203
521.0,203
522.0,203
523.0,194
524.0,201
525.0,201
526.0,201
527.0,195
528.0,216
529.0,197
530.0,197
531.0,197
532.0,199
533.0,195
534.0,212
535.0,212
536.0,205
537.0,210
538.0,211
539.0,211
540.0,206
541.0,211
542.0,194
543.0,194
544.0,219
545.0,219
546.0,203
547.0,187
548.0,187
549.0,209
550.0,199
551.0,190
552.0,190
553.0,197
554.0,204
555.0,205
556.0,197
557.0,202
558.0,207
559.0,208
560.0,204
561.0,209
562.0,209
563.0,204
564.0,193
565.0,193
566.0,193
567.0,197
568.0,204
569.0,210
570.0,210
571.0,215
572.0,210
573.0,209
574.0,209
575.0,200
576.0,211
577.0,193
578.0,193
579.0,196
580.0,191
581.0,216
582.0,216
583.0,216
584.0,210
585.0,217
586.0,196
587.0,196
588.0,215
589.0,217
590.0,190
591.0,190
592.0,190
593.0,194
594.0,202
595.0,202
596.0,204
597.0,204
598.0,204
599.0,204
600.0,204
601.0,200
602.0,207
603.0,195
604.0,195
605.0,195
606.0,210
607.0,211
608.0,211
609.0,207
610.0,203
611.0,364
612.0,364
613.0,610
614.0,741
615.0,687
616.0,687
617.0,687
618.0,656
619.0,630
620.0,593
621.0,0
622.0,0
623.0,0
624.0,593
625.0,107
626.0,110
627.0,132
628.0,173
629.0,173
630.0,193
631.0,234
632.0,222
633.0,222
634.0,213
635.0,186
636.0,182
637.0,182
638.0,182
639.0,204
640.0,254
641.0,177
642.0,177
643.0,198
644.0,215
645.0,213
646.0,213
647.0,197
648.0,199
649.0,220
650.0,220
651.0,235
652.0,209
653.0,215
654.0,215
655.0,231
656.0,218
657.0,221
658.0,192
659.0,192
660.0,198
661.0,188
662.0,195
663.0,195
664.0,208
665.0,196
666.0,224
667.0,224
668.0,203
669.0,191
670.0,191
671.0,208
672.0,208
673.0,205
674.0,212
675.0,194
676.0,194
677.0,211
678.0,211
679.0,193
680.0,202
681.0,202
682.0,198
683.0,193
684.0,200
685.0,200
686.0,212
687.0,205
688.0,226
689.0,226
690.0,222
691.0,203
692.0,192
693.0,189
694.0,197
695.0,209
696.0,199
697.0,195
698.0,195
699.0,206
700.0,198
701.0,202
702.0,202
703.0,222
704.0,210
705.0,212
706.0,212
707.0,197
708.0,186
709.0,189
710.0,199
711.0,199
712.0,216
713.0,211
714.0,202
715.0,202
716.0,206
717.0,207
718.0,188
719.0,188
720.0,212
721.0,209
722.0,199
723.0,199
724.0,189
725.0,192
726.0,205
727.0,191
728.0,204
729.0,215
730.0,196
731.0,193
732.0,193
733.0,203
734.0,221
735.0,217
736.0,193
737.0,204
738.0,210
739.0,217
740.0,205
741.0,205
742.0,211
743.0,205
744.0,210
745.0,210
746.0,205
747.0,190
748.0,187
749.0,187
750.0,192
751.0,214
752.0,205
753.0,205
754.0,207
755.0,201
756.0,212
757.0,209
758.0,209
759.0,198
760.0,200
761.0,206
762.0,206
763.0,196
764.0,205
765.0,211
766.0,211
767.0,191
768.0,212
769.0,184
770.0,184
771.0,197
772.0,197
773.0,213
774.0,203
775.0,203
776.0,203
777.0,207
778.0,215
779.0,215
780.0,202
781.0,204
782.0,201
783.0,201
784.0,200
785.0,196
786.0,193
787.0,201
788.0,199
789.0,199
790.0,195
791.0,220
792.0,220
793.0,220
794.0,220
795.0,204
796.0,190
797.0,194
798.0,204
799.0,199
800.0,205
801.0,205
802.0,201
803.0,198
804.0,205
805.0,205
806.0,214
807.0,212
808.0,202
809.0,202
810.0,202
811.0,205
812.0,211
813.0,206
814.0,206
815.0,204
816.0,207
817.0,202
818.0,202
819.0,205
820.0,189
821.0,195
822.0,195
823.0,195
824.0,212
825.0,212
826.0,212
827.0,212
828.0,211
829.0,194
830.0,194
831.0,194
832.0,191
833.0,190
834.0,207
835.0,207
836.0,204
837.0,203
838.0,201
839.0,202
840.0,203
841.0,206
842.0,210
843.0,210
844.0,197
845.0,207
846.0,183
847.0,183
848.0,182
849.0,192
850.0,208
851.0,201
852.0,201
853.0,213
854.0,202
855.0,202
856.0,202
857.0,195
858.0,204
859.0,211
860.0,211
861.0,226
862.0,204
863.0,187
864.0,187
865.0,198
866.0,204
867.0,204
868.0,189
869.0,189
870.0,199
871.0,221
872.0,200
873.0,200
874.0,201
875.0,201
876.0,200
877.0,200
878.0,203
879.0,202
880.0,214
881.0,214
882.0,214
883.0,208
884.0,197
885.0,199
886.0,199
887.0,195
888.0,200
889.0,199
890.0,203
891.0,204
892.0,199
893.0,193
894.0,222
895.0,222
896.0,209
897.0,196
898.0,205
899.0,205
900.0,201
901.0,200
902.0,202
903.0,202
904.0,208
905.0,202
906.0,202
907.0,206
908.0,204
909.0,207
910.0,211
911.0,213
912.0,213
913.0,191
914.0,192
915.0,202
916.0,202
917.0,198
918.0,207
919.0,204
920.0,204
921.0,201
922.0,215
923.0,230
924.0,296
925.0,296
926.0,277
927.0,286
928.0,254
929.0,254
930.0,271
931.0,271
932.0,269
933.0,269
934.0,275
935.0,278
936.0,280
937.0,266
938.0,266
939.0,270
940.0,273
941.0,263
942.0,263
943.0,263
944.0,268
945.0,279
946.0,279
947.0,260
948.0,270
949.0,277
950.0,277
951.0,277
952.0,271
953.0,263
954.0,280
955.0,280
956.0,288
957.0,263
958.0,258
959.0,258
960.0,245
961.0,249
962.0,279
963.0,279
964.0,279
965.0,287
966.0,274
967.0,274
968.0,274
969.0,272
970.0,263
971.0,263
972.0,258
973.0,257
974.0,258
975.0,267
976.0,282
977.0,268
978.0,262
979.0,279
980.0,260
981.0,260
982.0,259
983.0,267
984.0,267
985.0,267
986.0,267
987.0,269
988.0,273
989.0,280
990.0,280
991.0,265
992.0,272
993.0,279
994.0,279
995.0,273
996.0,274
997.0,271
998.0,271
999.0,256
1000.0,274
1001.0,248
1002.0,248
1003.0,248
1004.0,260
1005.0,245
1006.0,289
1007.0,289
1008.0,249
1009.0,275
1010.0,260
1011.0,260
1012.0,314
1013.0,285
1014.0,249
1015.0,249
1016.0,245
1017.0,254
1018.0,270
1019.0,270
1020.0,270
1021.0,264
1022.0,268
1023.0,275
1024.0,275
1025.0,275
1026.0,275
1027.0,275
1028.0,275
1029.0,264
1030.0,264
1031.0,264
1032.0,272
1033.0,283
1034.0,277
1035.0,263
1036.0,263
1037.0,252
1038.0,248
1039.0,276
1040.0,276
1041.0,271
1042.0,282
1043.0,268
1044.0,268
1045.0,272
1046.0,259
1047.0,243
1048.0,254
1049.0,257
1050.0,274
1051.0,287
1052.0,266
1053.0,272
1054.0,269
1055.0,261
1056.0,280
1057.0,280
1058.0,272
1059.0,268
1060.0,259
1061.0,268
1062.0,268
1063.0,283
1064.0,269
1065.0,267
1066.0,267
1067.0,273
1068.0,270
1069.0,266
1070.0,266
1071.0,259
1072.0,253
1073.0,252
1074.0,252
1075.0,273
1076.0,269
1077.0,276
1078.0,262
1079.0,262
1080.0,268
1081.0,261
1082.0,273
1083.0,273
1084.0,276
1085.0,265
1086.0,268
1087.0,268
1088.0,277
1089.0,278
1090.0,274
1091.0,274
1092.0,274
1093.0,276
1094.0,254
1095.0,263
1096.0,263
1097.0,266
1098.0,282
1099.0,271
1100.0,271
1101.0,250
1102.0,229
1103.0,159
1104.0,159
1105.0,192
1106.0,188
1107.0,193
1108.0,193
1109.0,193
1110.0,224
1111.0,201
1112.0,194
1113.0,194
1114.0,198
1115.0,185
1116.0,199
1117.0,199
1118.0,224
1119.0,223
1120.0,187
1121.0,187
1122.0,221
1123.0,229
1124.0,173
1125.0,173
1126.0,173
1127.0,184
1128.0,201
1129.0,214
1130.0,214
1131.0,208
1132.0,207
1133.0,205
1134.0,205
1135.0,207
1136.0,209
1137.0,212
1138.0,229
1139.0,219
1140.0,218
1141.0,181
1142.0,201
1143.0,201
1144.0,191
1145.0,197
1146.0,210
1147.0,210
1148.0,215
1149.0,217
1150.0,207
1151.0,207
1152.0,209
1153.0,208
1154.0,183
1155.0,202
1156.0,202
1157.0,207
1158.0,198
1159.0,205
1160.0,205
1161.0,210
1162.0,203
1163.0,208
1164.0,209
1165.0,216
1166.0,219
1167.0,196
1168.0,199
1169.0,199
1170.0,193
1171.0,214
1172.0,204
1173.0,204
1174.0,207
1175.0,213
1176.0,205
1177.0,205
1178.0,213
1179.0,193
1180.0,201
1181.0,200
1182.0,202
1183.0,198
1184.0,197
1185.0,214
1186.0,214
1187.0,210
1188.0,206
1189.0,200
1190.0,200
1191.0,216
1192.0,211
1193.0,183
1194.0,183
1195.0,200
1196.0,215
1197.0,202
1198.0,219
1199.0,219
1200.0,179
1201.0,182
1202.0,219
1203.0,219
1204.0,223
1205.0,225
1206.0,193
1207.0,193
1208.0,221
1209.0,178
1210.0,223
1211.0,223
1212.0,223
1213.0,208
1214.0,196
1215.0,185
1216.0,185
1217.0,192
1218.0,195
1219.0,205
1220.0,205
1221.0,200
1222.0,225
1223.0,295
1224.0,295
1225.0,279
1226.0,279
1227.0,260
1228.0,0
1229.0,0
1230.0,0
1231.0,260
1232.0,261
1233.0,259
1234.0,262
1235.0,282
1236.0,267
1237.0,263
1238.0,264
1239.0,260
1240.0,266
1241.0,268
1242.0,262
1243.0,254
1244.0,260
1245.0,260
1246.0,284
1247.0,260
1248.0,269
1249.0,269
1250.0,267
1251.0,270
1252.0,276
1253.0,269
1254.0,269
1255.0,271
1256.0,273
1257.0,266
1258.0,266
1259.0,274
1260.0,261
1261.0,258
1262.0,258
1263.0,263
1264.0,256
1265.0,274
1266.0,274
1267.0,270
1268.0,270
1269.0,264
1270.0,263
1271.0,263
1272.0,254
1273.0,282
1274.0,291
1275.0,291
1276.0,293
1277.0,253
1278.0,262
1279.0,262
1280.0,261
1281.0,248
1282.0,282
1283.0,282
1284.0,282
1285.0,275
1286.0,250
1287.0,272
1288.0,272
1289.0,248
1290.0,262
1291.0,269
1292.0,269
1293.0,261
1294.0,263
1295.0,277
1296.0,277
1297.0,282
1298.0,272
1299.0,269
1300.0,243
1301.0,243
1302.0,253
1303.0,268
1304.0,286
1305.0,286
1306.0,277
1307.0,270
1308.0,273
1309.0,273
1310.0,251
1311.0,252
1312.0,242
1313.0,273
1314.0,271
1315.0,279
1316.0,289
1317.0,276
1318.0,276
1319.0,254
1320.0,263
1321.0,265
1322.0,265
1323.0,279
1324.0,281
1325.0,281
1326.0,275
1327.0,263
1328.0,259
1329.0,282
1330.0,258
1331.0,242
1332.0,271
1333.0,301
1334.0,243
1335.0,243
1336.0,249
1337.0,266
1338.0,281
1339.0,281
1340.0,262
1341.0,251
1342.0,311
1343.0,292
1344.0,292
1345.0,257
1346.0,248
1347.0,244
1348.0,244
1349.0,269
1350.0,272
1351.0,275
1352.0,275
1353.0,275
1354.0,273
1355.0,258
1356.0,271
1357.0,271
1358.0,273
1359.0,262
1360.0,266
1361.0,266
1362.0,265
1363.0,263
1364.0,262
1365.0,265
1366.0,265
1367.0,295
1368.0,269
1369.0,272
1370.0,272
1371.0,260
1372.0,276
1373.0,277
1374.0,277
1375.0,274
1376.0,278
1377.0,254
1378.0,254
1379.0,261
1380.0,260
1381.0,246
1382.0,256
1383.0,256
1384.0,275
1385.0,276
1386.0,275
1387.0,275
1388.0,268
1389.0,255
1390.0,283
1391.0,283
1392.0,255
1393.0,257
1394.0,257
1395.0,272
1396.0,272
1397.0,270
1398.0,287
1399.0,246
1400.0,246
1401.0,254
1402.0,252
1403.0,181
1404.0,181
1405.0,188
1406.0,170
1407.0,234
1408.0,234
1409.0,182
1410.0,166
1411.0,195
1412.0,207
1413.0,207
1414.0,201
1415.0,227
1416.0,200
1417.0,225
1418.0,215
1419.0,185
1420.0,190
1421.0,190
1422.0,190
1423.0,215
1424.0,199
1425.0,205
1426.0,205
1427.0,205
1428.0,200
1429.0,215
1430.0,215
1431.0,225
1432.0,176
1433.0,176
1434.0,187
1435.0,196
1436.0,205
1437.0,209
1438.0,209
1439.0,196
1440.0,195
1441.0,221
1442.0,221
1443.0,211
1444.0,195
1445.0,193
1446.0,214
1447.0,207
1448.0,214
1449.0,217
1450.0,203
1451.0,203
1452.0,193
1453.0,209
1454.0,190
1455.0,190
1456.0,199
1457.0,185
1458.0,201
1459.0,201
1460.0,201
1461.0,197
1462.0,199
1463.0,197
1464.0,197
1465.0,216
1466.0,205
1467.0,203
1468.0,203
1469.0,221
1470.0,208
1471.0,200
1472.0,200
1473.0,193
1474.0,200
1475.0,203
1476.0,203
1477.0,216
1478.0,221
1479.0,220
1480.0,207
1481.0,207
1482.0,184
1483.0,182
1484.0,199
1485.0,199
1486.0,207
1487.0,226
1488.0,199
1489.0,199
1490.0,198
1491.0,195
1492.0,205
1493.0,205
1494.0,205
1495.0,207
1496.0,212
1497.0,208
1498.0,208
1499.0,213
1500.0,216
1501.0,212
1502.0,212
1503.0,213
1504.0,189
1505.0,188
1506.0,202
1507.0,213
1508.0,207
1509.0,207
1510.0,194
1511.0,194
1512.0,228
1513.0,223
1514.0,192
1515.0,192
1516.0,197
1517.0,197
1518.0,213
1519.0,213
1520.0,200
1521.0,206
1522.0,231
1523.0,291
1524.0,270
1525.0,256
1526.0,267
1527.0,276
1528.0,276
1529.0,280
1530.0,287
1531.0,269
1532.0,269
1533.0,261
1534.0,279
1535.0,279
1536.0,261
1537.0,261
1538.0,285
1539.0,304
1540.0,245
1541.0,245
1542.0,278
1543.0,306
1544.0,280
1545.0,280
1546.0,275
1547.0,272
1548.0,264
1549.0,266
1550.0,260
1551.0,254
1552.0,284
1553.0,266
1554.0,266
1555.0,264
1556.0,268
1557.0,261
1558.0,261
1559.0,270
1560.0,280
1561.0,278
1562.0,278
1563.0,278
1564.0,270
1565.0,252
1566.0,269
1567.0,269
1568.0,264
1569.0,270
1570.0,277
1571.0,277
1572.0,265
1573.0,266
1574.0,252
1575.0,261
1576.0,276
1577.0,277
1578.0,286
1579.0,266
1580.0,266
1581.0,234
1582.0,222
1583.0,261
1584.0,261
1585.0,282
1586.0,268
1587.0,294
1588.0,294
1589.0,254
1590.0,263
1591.0,278
1592.0,262
1593.0,262
1594.0,268
1595.0,280
1596.0,298
1597.0,298
1598.0,280
1599.0,258
1600.0,260
1601.0,260
1602.0,268
1603.0,268
1604.0,258
1605.0,258
1606.0,265
1607.0,262
1608.0,276
1609.0,232
1610.0,253
1611.0,255
1612.0,273
1613.0,307
1614.0,307
1615.0,281
1616.0,272
1617.0,264
1618.0,261
1619.0,260
1620.0,269
1621.0,279
1622.0,263
1623.0,267
1624.0,278
1625.0,272
1626.0,248
1627.0,248
1628.0,248
1629.0,286
1630.0,286
1631.0,286
1632.0,266
1633.0,260
1634.0,260
1635.0,260
1636.0,271
1637.0,266
1638.0,275
1639.0,275
1640.0,266
1641.0,261
1642.0,261
1643.0,261
1644.0,289
1645.0,258
1646.0,270
1647.0,270
1648.0,273
1649.0,279
1650.0,257
1651.0,257
1652.0,257
1653.0,256
1654.0,259
1655.0,258
1656.0,258
1657.0,271
1658.0,290
1659.0,256
1660.0,256
1661.0,261
1662.0,274
1663.0,267
1664.0,267
1665.0,258
1666.0,270
1667.0,261
1668.0,261
1669.0,261
1670.0,263
1671.0,264
1672.0,280
1673.0,280
1674.0,254
1675.0,259
1676.0,254
1677.0,254
1678.0,270
1679.0,271
1680.0,255
1681.0,255
1682.0,264
1683.0,266
1684.0,291
1685.0,291
1686.0,291
1687.0,277
1688.0,251
1689.0,232
1690.0,254
1691.0,254
1692.0,280
1693.0,269
1694.0,307
1695.0,294
1696.0,251
1697.0,243
1698.0,278
1699.0,277
1700.0,281
1701.0,278
1702.0,165
1703.0,165
1704.0,190
1705.0,210
1706.0,194
1707.0,178
1708.0,174
1709.0,206
1710.0,196
1711.0,214
1712.0,214
1713.0,199
1714.0,188
1715.0,187
1716.0,187
1717.0,205
1718.0,200
1719.0,215
1720.0,215
1721.0,228
1722.0,197
1723.0,197
1724.0,181
1725.0,181
1726.0,189
1727.0,213
1728.0,184
1729.0,184
1730.0,190
1731.0,204
1732.0,211
1733.0,211
1734.0,212
1735.0,210
1736.0,188
1737.0,188
1738.0,188
1739.0,193
1740.0,198
1741.0,211
1742.0,212
1743.0,214
1744.0,200
1745.0,193
1746.0,193
1747.0,197
1748.0,211
1749.0,213
1750.0,213
1751.0,231
1752.0,219
1753.0,195
1754.0,195
1755.0,194
1756.0,183
1757.0,188
1758.0,199
1759.0,196
1760.0,198
1761.0,198
1762.0,235
1763.0,235
1764.0,209
1765.0,187
1766.0,199
1767.0,199
1768.0,201
1769.0,214
1770.0,227
1771.0,227
1772.0,227
1773.0,223
1774.0,194
1775.0,204
1776.0,204
1777.0,206
1778.0,212
1779.0,191
1780.0,191
1781.0,182
1782.0,205
1783.0,210
1784.0,210
1785.0,199
1786.0,197
1787.0,210
1788.0,210
1789.0,210
1790.0,199
1791.0,209
1792.0,222
1793.0,222
1794.0,204
1795.0,193
1796.0,207
1797.0,207
1798.0,218
1799.0,195
1800.0,223
1801.0,223
1802.0,210
1803.0,187
1804.0,198
1805.0,198
1806.0,198
1807.0,187
1808.0,202
1809.0,219
1810.0,219
1811.0,243
1812.0,191
1813.0,203
1814.0,203
1815.0,199
1816.0,199
1817.0,210
1818.0,210
1819.0,198
1820.0,198
1821.0,198
1822.0,326
1823.0,326
1824.0,304
1825.0,269
1826.0,259
1827.0,271
1828.0,273
1829.0,278
1830.0,261
1831.0,272
1832.0,272
1833.0,267
1834.0,267
1835.0,0
1836.0,0
1837.0,0
1838.0,267
1839.0,260
1840.0,255
1841.0,295
1842.0,289
1843.0,289
1844.0,280
1845.0,261
1846.0,272
1847.0,280
1848.0,280
1849.0,273
1850.0,275
1851.0,274
1852.0,274
1853.0,249
1854.0,257
1855.0,278
1856.0,278
1857.0,263
1858.0,250
1859.0,250
1860.0,262
1861.0,262
1862.0,240
1863.0,268
1864.0,287
1865.0,287
1866.0,277
1867.0,272
1868.0,329
1869.0,329
1870.0,292
1871.0,263
1872.0,252
1873.0,252
1874.0,266
1875.0,275
1876.0,278
1877.0,283
1878.0,283
1879.0,259
1880.0,255
1881.0,277
1882.0,277
1883.0,256
1884.0,267
1885.0,276
1886.0,276
1887.0,276
1888.0,249
1889.0,249
1890.0,257
1891.0,257
1892.0,252
1893.0,266
1894.0,274
1895.0,274
1896.0,283
1897.0,283
1898.0,269
1899.0,282
1900.0,282
1901.0,294
1902.0,264
1903.0,261
1904.0,261
1905.0,258
1906.0,252
1907.0,268
1908.0,268
1909.0,265
1910.0,267
1911.0,278
1912.0,278
1913.0,276
1914.0,272
1915.0,267
1916.0,272
1917.0,272
1918.0,289
1919.0,273
1920.0,261
1921.0,261
1922.0,277
1923.0,257
1924.0,253
1925.0,253
1926.0,281
1927.0,245
1928.0,256
1929.0,256
1930.0,267
1931.0,285
1932.0,255
1933.0,274
1934.0,274
1935.0,274
1936.0,289
1937.0,252
1938.0,252
1939.0,247
1940.0,255
1941.0,258
1942.0,258
1943.0,272
1944.0,275
1945.0,277
1946.0,277
1947.0,277
1948.0,239
1949.0,259
1950.0,273
1951.0,273
1952.0,263
1953.0,263
1954.0,261
1955.0,261
1956.0,248
1957.0,285
1958.0,254
1959.0,254
1960.0,270
1961.0,284
1962.0,273
1963.0,276
1964.0,276
1965.0,277
1966.0,264
1967.0,258
1968.0,258
1969.0,279
1970.0,279
1971.0,252
1972.0,252
1973.0,252
1974.0,267
1975.0,259
1976.0,285
1977.0,285
1978.0,273
1979.0,256
1980.0,273
1981.0,273
1982.0,271
1983.0,285
1984.0,288
1985.0,288
1986.0,264
1987.0,265
1988.0,262
1989.0,265
1990.0,265
1991.0,250
1992.0,265
1993.0,276
1994.0,276
1995.0,256
1996.0,251
1997.0,256
1998.0,256
1999.0,258
2000.0,260
2001.0,277
2002.0,233
2003.0,233
2004.0,196
2005.0,168
2006.0,192
2007.0,192
2008.0,212
2009.0,188
2010.0,207
2011.0,207
2012.0,211
2013.0,179
2014.0,191
2015.0,191
2016.0,191
2017.0,212
2018.0,193
2019.0,184
2020.0,184
2021.0,169
2022.0,195
2023.0,195
2024.0,195
2025.0,202
2026.0,200
2027.0,219
2028.0,219
2029.0,201
2030.0,207
2031.0,214
2032.0,204
2033.0,204
2034.0,196
2035.0,202
2036.0,223
2037.0,223
2038.0,202
2039.0,204
2040.0,222
2041.0,222
2042.0,222
2043.0,194
2044.0,194
2045.0,194
2046.0,190
2047.0,190
2048.0,226
2049.0,226
2050.0,198
2051.0,190
2052.0,220
2053.0,220
2054.0,220
2055.0,205
2056.0,174
2057.0,200
2058.0,200
2059.0,230
2060.0,218
2061.0,191
2062.0,191
2063.0,207
2064.0,197
2065.0,211
2066.0,211
2067.0,233
2068.0,217
2069.0,217
2070.0,200
2071.0,200
2072.0,202
2073.0,236
2074.0,196
2075.0,196
2076.0,191
2077.0,199
2078.0,211
2079.0,211
2080.0,206
2081.0,203
2082.0,203
2083.0,199
2084.0,199
2085.0,223
2086.0,232
2087.0,178
2088.0,178
2089.0,181
2090.0,194
2091.0,239
2092.0,201
2093.0,201
2094.0,192
2095.0,208
2096.0,211
2097.0,211
2098.0,213
2099.0,219
2100.0,204
2101.0,204
2102.0,185
2103.0,188
2104.0,208
2105.0,208
2106.0,208
2107.0,183
2108.0,195
2109.0,206
2110.0,206
2111.0,204
2112.0,217
2113.0,205
2114.0,205
2115.0,206
2116.0,194
2117.0,190
2118.0,190
2119.0,217
2120.0,212
2121.0,262
2122.0,262
2123.0,262
2124.0,370
2125.0,269
2126.0,244
2127.0,244
2128.0,254
2129.0,264
2130.0,253
2131.0,253
2132.0,252
2133.0,267
2134.0,249
2135.0,249
2136.0,263
2137.0,259
2138.0,256
2139.0,282
2140.0,282
2141.0,270
2142.0,244
2143.0,267
2144.0,267
2145.0,273
2146.0,269
2147.0,297
2148.0,297
2149.0,302
2150.0,264
2151.0,264
2152.0,246
2153.0,243
2154.0,255
2155.0,254
2156.0,275
2157.0,275
2158.0,272
2159.0,269
2160.0,265
2161.0,265
2162.0,262
2163.0,261
2164.0,261
2165.0,271
2166.0,263
2167.0,256
2168.0,258
2169.0,285
2170.0,283
2171.0,281
2172.0,274
2173.0,271
2174.0,271
2175.0,260
2176.0,283
2177.0,244
2178.0,244
2179.0,248
2180.0,251
2181.0,252
2182.0,270
2183.0,270
2184.0,281
2185.0,263
2186.0,253
2187.0,253
2188.0,241
2189.0,276
2190.0,268
2191.0,268
2192.0,268
2193.0,268
2194.0,278
2195.0,261
2196.0,261
2197.0,252
2198.0,256
2199.0,258
2200.0,258
2201.0,274
2202.0,283
2203.0,262
2204.0,262
2205.0,280
2206.0,283
2207.0,271
2208.0,271
2209.0,271
2210.0,250
2211.0,255
2212.0,286
2213.0,286
2214.0,276
2215.0,266
2216.0,285
2217.0,285
2218.0,269
2219.0,271
2220.0,289
2221.0,289
2222.0,248
2223.0,267
2224.0,250
2225.0,262
2226.0,262
2227.0,261
2228.0,280
2229.0,279
2230.0,279
2231.0,268
2232.0,241
2233.0,246
2234.0,246
2235.0,289
2236.0,272
2237.0,264
2238.0,264
2239.0,271
2240.0,271
2241.0,259
2242.0,250
2243.0,250
2244.0,270
2245.0,259
2246.0,265
2247.0,265
2248.0,265
2249.0,257
2250.0,277
2251.0,282
2252.0,287
2253.0,262
2254.0,262
2255.0,262
2256.0,267
2257.0,250
2258.0,265
2259.0,265
2260.0,272
2261.0,265
2262.0,297
2263.0,239
2264.0,239
2265.0,252
2266.0,272
2267.0,266
2268.0,266
2269.0,242
2270.0,275
2271.0,276
2272.0,276
2273.0,265
2274.0,265
2275.0,271
2276.0,248
2277.0,248
2278.0,248
2279.0,248
2280.0,266
2281.0,266
2282.0,265
2283.0,266
2284.0,244
2285.0,244
2286.0,257
2287.0,302
2288.0,287
2289.0,287
2290.0,299
2291.0,279
2292.0,263
2293.0,237
2294.0,265
2295.0,260
2296.0,248
2297.0,254
2298.0,254
2299.0,261
2300.0,267
2301.0,267
2302.0,213
2303.0,213
2304.0,187
2305.0,195
2306.0,229
2307.0,212
2308.0,218
2309.0,227
2310.0,53
2311.0,79
2312.0,237
2313.0,223
2314.0,212
2315.0,212
2316.0,212
2317.0,212
2318.0,212
2319.0,207
2320.0,207
2321.0,185
2322.0,245
2323.0,174
2324.0,174
2325.0,188
2326.0,215
2327.0,193
2328.0,193
2329.0,190
2330.0,189
2331.0,199
2332.0,199
2333.0,199
2334.0,215
2335.0,216
2336.0,190
2337.0,190
2338.0,209
2339.0,204
2340.0,194
2341.0,194
2342.0,206
2343.0,204
2344.0,236
2345.0,236
2346.0,205
2347.0,183
2348.0,204
2349.0,204
2350.0,204
2351.0,202
2352.0,190
2353.0,204
2354.0,204
2355.0,209
2356.0,190
2357.0,213
2358.0,213
2359.0,194
2360.0,202
2361.0,237
2362.0,237
2363.0,188
2364.0,194
2365.0,208
2366.0,208
2367.0,208
2368.0,206
2369.0,227
2370.0,205
2371.0,205
2372.0,192
2373.0,183
2374.0,183
2375.0,214
2376.0,210
2377.0,209
2378.0,207
2379.0,189
2380.0,213
2381.0,215
2382.0,203
2383.0,210
2384.0,210
2385.0,217
2386.0,207
2387.0,186
2388.0,186
2389.0,186
2390.0,190
2391.0,208
2392.0,208
2393.0,208
2394.0,222
2395.0,195
2396.0,212
2397.0,212
2398.0,207
2399.0,200
2400.0,219
2401.0,219
2402.0,221
2403.0,209
2404.0,191
2405.0,219
2406.0,206
2407.0,204
2408.0,210
2409.0,221
2410.0,209
2411.0,200
2412.0,217
2413.0,187
2414.0,187
2415.0,218
2416.0,192
2417.0,231
2418.0,231
2419.0,231
2420.0,200
2421.0,189
2422.0,275
2423.0,275
2424.0,309
2425.0,274
2426.0,262
2427.0,262
2428.0,283
2429.0,263
2430.0,267
2431.0,267
2432.0,257
2433.0,271
2434.0,281
2435.0,281
2436.0,281
2437.0,306
2438.0,292
2439.0,267
2440.0,267
2441.0,260
2442.0,258
2443.0,284
2444.0,284
2445.0,263
2446.0,242
2447.0,248
2448.0,248
2449.0,255
2450.0,270
2451.0,316
2452.0,316
2453.0,316
2454.0,231
2455.0,245
2456.0,266
2457.0,260
2458.0,260
2459.0,259
2460.0,259
2461.0,256
2462.0,264
2463.0,265
2464.0,265
2465.0,271
2466.0,243
2467.0,308
2468.0,308
2469.0,308
2470.0,292
2471.0,260
2472.0,253
2473.0,253
2474.0,266
2475.0,269
2476.0,274
2477.0,276
2478.0,273
2479.0,276
2480.0,282
2481.0,257
2482.0,257
2483.0,252
2484.0,264
2485.0,265
2486.0,265
2487.0,263
2488.0,282
2489.0,293
2490.0,293
2491.0,293
2492.0,276
2493.0,282
2494.0,270
2495.0,271
2496.0,252
2497.0,243
2498.0,261
2499.0,261
2500.0,274
2501.0,269
2502.0,266
2503.0,266
2504.0,249
2505.0,264
2506.0,281
2507.0,281
2508.0,281
2509.0,275
2510.0,282
2511.0,257
2512.0,257
2513.0,254
2514.0,249
2515.0,275
2516.0,275
2517.0,269
2518.0,264
2519.0,282
2520.0,282
2521.0,285
2522.0,266
2523.0,262
2524.0,262
2525.0,262
2526.0,264
2527.0,278
2528.0,284
2529.0,284
2530.0,257
2531.0,268
2532.0,274
2533.0,274
2534.0,261
2535.0,239
2536.0,270
2537.0,270
2538.0,274
2539.0,269
2540.0,259
2541.0,259
2542.0,259
2543.0,300
2544.0,249
2545.0,271
2546.0,271
2547.0,305
2548.0,249
2549.0,280
2550.0,280
2551.0,258
2552.0,254
2553.0,253
2554.0,253
2555.0,265
2556.0,265
2557.0,271
2558.0,261
2559.0,261
2560.0,278
2561.0,250
2562.0,277
2563.0,277
2564.0,274
2565.0,253
2566.0,261
2567.0,261
2568.0,276
2569.0,287
2570.0,284
2571.0,266
2572.0,258
2573.0,257
2574.0,254
2575.0,266
2576.0,266
2577.0,258
2578.0,275
2579.0,262
2580.0,262
2581.0,276
2582.0,271
2583.0,270
2584.0,270
2585.0,272
2586.0,280
2587.0,280
2588.0,257
2589.0,242
2590.0,233
2591.0,239
2592.0,265
2593.0,265
2594.0,257
2595.0,295
2596.0,253
2597.0,253
2598.0,289
2599.0,265
2600.0,252
2601.0,254
2602.0,254
2603.0,172
2604.0,167
2605.0,175
2606.0,175
2607.0,178
2608.0,184
2609.0,234
2610.0,234
2611.0,234
2612.0,242
2613.0,140
2614.0,199
2615.0,199
2616.0,316
2617.0,265
2618.0,199
2619.0,199
2620.0,194
2621.0,190
2622.0,167
2623.0,167
2624.0,185
2625.0,192
2626.0,184
2627.0,184
2628.0,184
2629.0,198
2630.0,218
2631.0,186
2632.0,186
2633.0,192
2634.0,191
2635.0,203
2636.0,203
2637.0,210
2638.0,216
2639.0,218
2640.0,218
2641.0,198
2642.0,180
2643.0,194
2644.0,194
2645.0,194
2646.0,213
2647.0,216
2648.0,222
2649.0,222
2650.0,182
2651.0,177
2652.0,211
2653.0,211
2654.0,227
2655.0,201
2656.0,213
2657.0,213
2658.0,213
2659.0,201
2660.0,201
2661.0,223
2662.0,223
2663.0,223
2664.0,201
2665.0,201
2666.0,193
2667.0,202
2668.0,198
2669.0,198
2670.0,202
2671.0,185
2672.0,202
2673.0,202
2674.0,216
2675.0,212
2676.0,186
2677.0,186
2678.0,186
2679.0,203
2680.0,192
2681.0,196
2682.0,196
2683.0,198
2684.0,209
2685.0,218
2686.0,217
2687.0,222
2688.0,212
2689.0,208
2690.0,200
2691.0,192
2692.0,184
2693.0,188
2694.0,200
2695.0,198
2696.0,230
2697.0,199
2698.0,185
2699.0,185
2700.0,180
2701.0,182
2702.0,186
2703.0,203
2704.0,204
2705.0,212
2706.0,205
2707.0,217
2708.0,217
2709.0,202
2710.0,186
2711.0,218
2712.0,218
2713.0,208
2714.0,200
2715.0,206
2716.0,206
2717.0,203
2718.0,208
2719.0,206
2720.0,205
2721.0,200
2722.0,189
2723.0,200
2724.0,180
2725.0,180
2726.0,183
2727.0,173
2728.0,178
2729.0,178
2730.0,183
2731.0,188
2732.0,174
2733.0,174
2734.0,190
2735.0,190
2736.0,199
2737.0,194
2738.0,194
2739.0,184
2740.0,186
2741.0,175
2742.0,175
2743.0,183
2744.0,194
2745.0,173
2746.0,173
2747.0,173
2748.0,179
2749.0,191
2750.0,191
2751.0,191
2752.0,193
2753.0,206
2754.0,184
2755.0,184
2756.0,184
2757.0,193
2758.0,177
2759.0,177
2760.0,174
2761.0,194
2762.0,169
2763.0,169
2764.0,188
2765.0,213
2766.0,212
2767.0,160
2768.0,160
2769.0,166
2770.0,199
2771.0,186
2772.0,186
2773.0,213
2774.0,199
2775.0,194
2776.0,194
2777.0,191
2778.0,176
2779.0,174
2780.0,177
2781.0,176
2782.0,174
2783.0,175
2784.0,188
2785.0,188
2786.0,181
2787.0,197
2788.0,175
2789.0,175
2790.0,187
2791.0,193
2792.0,185
2793.0,185
2794.0,198
2795.0,192
2796.0,186
2797.0,186
2798.0,205
2799.0,179
2800.0,183
2801.0,183
2802.0,183
2803.0,198
2804.0,162
2805.0,171
2806.0,171
2807.0,159
2808.0,192
2809.0,184
2810.0,184
2811.0,181
2812.0,182
2813.0,189
2814.0,189
2815.0,177
2816.0,179
2817.0,218
2818.0,194
2819.0,194
2820.0,188
2821.0,193
2822.0,169
2823.0,169
2824.0,193
2825.0,165
2826.0,191
2827.0,191
2828.0,206
2829.0,163
2830.0,163
2831.0,177
2832.0,177
2833.0,196
2834.0,205
2835.0,192
2836.0,192
2837.0,187
2838.0,186
2839.0,211
2840.0,211
2841.0,173
2842.0,165
2843.0,187
2844.0,184
2845.0,183
2846.0,172
2847.0,193
2848.0,6
2849.0,6
2850.0,167
2851.0,310
2852.0,175
2853.0,175
2854.0,175
2855.0,175
2856.0,166
2857.0,166
2858.0,166
2859.0,182
2860.0,182
2861.0,172
2862.0,172
2863.0,179
2864.0,194
2865.0,183
2866.0,183
2867.0,178
2868.0,211
2869.0,211
2870.0,200
2871.0,177
2872.0,181
2873.0,181
2874.0,181
2875.0,206
2876.0,202
2877.0,172
2878.0,172
2879.0,173
2880.0,182
2881.0,191
2882.0,191
2883.0,176
2884.0,174
2885.0,180
2886.0,180
2887.0,190
2888.0,186
2889.0,186
2890.0,192
2891.0,192
2892.0,198
2893.0,181
2894.0,178
2895.0,178
2896.0,189
2897.0,192
2898.0,181
2899.0,181
2900.0,185
2901.0,213
2902.0,219
2903.0,219
2904.0,176
2905.0,163
2906.0,174
2907.0,174
2908.0,174
2909.0,208
2910.0,218
2911.0,167
2912.0,167
2913.0,166
2914.0,180
2915.0,177
2916.0,177
2917.0,184
2918.0,181
2919.0,172
2920.0,172
2921.0,168
2922.0,193
2923.0,193
2924.0,179
2925.0,179
2926.0,195
2927.0,189
2928.0,184
2929.0,186
2930.0,191
2931.0,191
2932.0,194
2933.0,189
2934.0,180
2935.0,197
2936.0,201
2937.0,181
2938.0,184
2939.0,191
2940.0,189
2941.0,183
2942.0,183
2943.0,167
2944.0,172
2945.0,172
2946.0,178
2947.0,179
2948.0,183
2949.0,179
2950.0,192
2951.0,173
2952.0,164
2953.0,170
2954.0,184
2955.0,184
2956.0,191
2957.0,177
2958.0,201
2959.0,201
2960.0,198
2961.0,172
2962.0,200
2963.0,200
2964.0,187
2965.0,174
2966.0,169
2967.0,186
2968.0,186
2969.0,180
2970.0,196
2971.0,176
2972.0,176
2973.0,195
2974.0,194
2975.0,177
2976.0,177
2977.0,181
2978.0,192
2979.0,176
2980.0,176
2981.0,206
2982.0,204
2983.0,204
2984.0,203
2985.0,203
2986.0,192
2987.0,192
2988.0,180
2989.0,180
2990.0,172
2991.0,180
2992.0,184
2993.0,184
2994.0,199
2995.0,180
2996.0,180
2997.0,192
2998.0,183
2999.0,176
3000.0,177
3001.0,195
3002.0,195
3003.0,186
3004.0,183
3005.0,182
3006.0,182
3007.0,191
3008.0,199
3009.0,184
3010.0,184
3011.0,184
3012.0,196
3013.0,198
3014.0,163
3015.0,163
3016.0,194
3017.0,202
3018.0,178
3019.0,178
3020.0,172
3021.0,174
3022.0,144
3023.0,144
3024.0,147
3025.0,83
3026.0,6
3027.0,6
3028.0,6
3029.0,5
3030.0,4
3031.0,2
3032.0,2
3033.0,37
3034.0,293
3035.0,130
3036.0,130
3037.0,135
3038.0,91
3039.0,97
3040.0,97
3041.0,95
3042.0,89
3043.0,89
3044.0,89
3045.0,89
3046.0,81
3047.0,87
3048.0,98
3049.0,98
3050.0,95
3051.0,88
3052.0,100
3053.0,100
3054.0,87
3055.0,91
3056.0,100
3057.0,100
3058.0,98
3059.0,113
3060.0,113
3061.0,91
3062.0,91
3063.0,90
3064.0,90
3065.0,96
3066.0,102
3067.0,102
3068.0,102
3069.0,99
3070.0,95
3071.0,97
3072.0,97
3073.0,97
3074.0,97
3075.0,100
3076.0,95
3077.0,93
3078.0,93
3079.0,94
3080.0,96
3081.0,96
3082.0,53
3083.0,53
3084.0,4
3085.0,4
3086.0,2
3087.0,2
3088.0,1
3089.0,1
3090.0,0
3091.0,0
3092.0,0
3093.0,0
3094.0,0
3095.0,0
3096.0,0
3097.0,0
3098.0,0
